<PAMDataset>
  <SRS>GEOGCS["GCS_NAD_1983_2011",DATUM["NAD_1983_2011",SPHEROID["GRS_1980",6378137.0,298.257222101,AUTHORITY["EPSG","7019"]],AUTHORITY["EPSG","1116"]],PRIMEM["Greenwich",0.0,AUTHORITY["EPSG","8901"]],UNIT["Degree",0.0174532925199433,AUTHORITY["EPSG","9102"]],AUTHORITY["EPSG","6318"]]</SRS>
  <Metadata domain="Esri">
    <MDI key="PyramidResamplingType">AVERAGE_BIT2GRAYSCALE</MDI>
  </Metadata>
  <PAMRasterBand band="1">
    <Description>focal_rast</Description>
    <NoDataValue>0.00000000000000E+00</NoDataValue>
    <Metadata domain="IMAGE_STRUCTURE">
      <MDI key="NBITS">1</MDI>
    </Metadata>
    <Metadata>
      <MDI key="STATISTICS_SKIPFACTORX">1</MDI>
      <MDI key="STATISTICS_SKIPFACTORY">1</MDI>
    </Metadata>
  </PAMRasterBand>
</PAMDataset>
