<?xml version="1.0" encoding="UTF-8"?>
<metadata xml:lang="en"><Esri><CreaDate>20210723</CreaDate><CreaTime>15224000</CreaTime><ArcGISFormat>1.0</ArcGISFormat><SyncOnce>TRUE</SyncOnce><DataProperties><lineage><Process ToolSource="c:\program files (x86)\arcgis\desktop10.5\ArcToolbox\Toolboxes\Conversion Tools.tbx\PolygonToRaster" Date="20210723" Time="152240">PolygonToRaster AgencyBoundary_dissolve_rprj FID D:\PointBlue\EcoHealthEastBay\foc_rast200m CELL_CENTER NONE 0.002</Process></lineage></DataProperties></Esri></metadata>
