<?xml version="1.0" encoding="UTF-8"?>
<metadata xml:lang="en"><Esri><CreaDate>20210511</CreaDate><CreaTime>11340700</CreaTime><ArcGISFormat>1.0</ArcGISFormat><SyncOnce>TRUE</SyncOnce><DataProperties><lineage><Process ToolSource="c:\program files (x86)\arcgis\desktop10.7\ArcToolbox\Toolboxes\Conversion Tools.tbx\FeatureToRaster" Date="20210511" Time="113407">FeatureToRaster Focal_area_rprj one G:\EcoHealthEastBay\focal_rast G:\EcoHealthEastBay\rast_001dd</Process></lineage></DataProperties></Esri></metadata>
